id	name	location	days	cities	mapPic	schedule	optionals	coordinates
1	rem vel accusamus	Venezuela	6	Wunschfurt,East Taraborough,Jazmyneton,South Veda,Jerdebury,Beckerhaven	https://ebtrafalgar.s3-us-west-1.amazonaws.com/Map+pictures/map_pictures/Morocco.png	[{"activity":"molestias ","city":"Mikaylachester ","title":"natus unde sit ","hotel":"Stamm - Dietrich ","meal":"labore sed non ","description":"Sed dolorem deserunt maxime vel voluptas similique consectetur vero. "},{"activity":"cupiditate ","city":"Braunland ","title":"et quisquam et ","hotel":"Zieme - Davis ","meal":"et quod voluptates ","description":"Dolorem eveniet dolorum iste ut. "},{"activity":"pariatur ","city":"West Claudside ","title":"occaecati quae tempora ","hotel":"Reynolds, Von and Hayes ","meal":"nam modi voluptas ","description":"Delectus nisi corrupti ut totam voluptatum est qui autem dicta. "},{"activity":"nihil ","city":"Port Chazhaven ","title":"voluptate et minima ","hotel":"Champlin - Haley ","meal":"nesciunt autem quod ","description":"Harum molestias iste. "},{"activity":"qui ","city":"North Ed ","title":"ut fugit voluptatem ","hotel":"Bins, Mann and Oberbrunner ","meal":"est vero exercitationem ","description":"Fugiat placeat et nesciunt animi quasi qui fuga. "},{"activity":"est ","city":"Rolandohaven ","title":"non voluptatem facilis ","hotel":"Ankunding - Pacocha ","meal":"minus enim possimus ","description":"Quibusdam quia fuga. "}]	[]	[{"top":526,"left":343},{"top":541,"left":519},{"top":448,"left":389},{"top":512,"left":518},{"top":474,"left":582},{"top":193,"left":580}]
2	voluptatem laborum totam	American Samoa	4	Jonesview,Ernserstad,Lake Cynthia,Port Dave	https://ebtrafalgar.s3-us-west-1.amazonaws.com/Map+pictures/map_pictures/New_Zealand.png	[{"activity":"sed ","city":"Laurybury ","title":"assumenda consequuntur aut ","hotel":"Morissette LLC ","meal":"totam vitae facilis ","description":"Qui consequatur quia fugiat. "},{"activity":"deserunt ","city":"East Raymond ","title":"rerum et quia ","hotel":"Stokes, Stroman and Williamson ","meal":"tenetur eveniet officia ","description":"Voluptas error cumque incidunt corrupti autem ratione. "},{"activity":"corrupti ","city":"North Kristina ","title":"assumenda accusamus animi ","hotel":"Upton LLC ","meal":"odio magnam sequi ","description":"Dignissimos et veniam fugit numquam aspernatur autem. "},{"activity":"laborum ","city":"Herzogstad ","title":"quia voluptatem praesentium ","hotel":"Huels - Simonis ","meal":"iste perspiciatis deleniti ","description":"Velit alias impedit quisquam. "}]	[]	[{"top":36,"left":553},{"top":280,"left":278},{"top":11,"left":576},{"top":518,"left":523}]
3	temporibus ut sed	Mauritius	5	Lake Gildafurt,Lake Jeramie,South Jammie,Veldastad,Durganberg	https://ebtrafalgar.s3-us-west-1.amazonaws.com/Map+pictures/map_pictures/Costa_Rica.png	[{"activity":"minima ","city":"West Mac ","title":"optio molestiae libero ","hotel":"Willms - Nitzsche ","meal":"quidem illum et ","description":"Assumenda sit quaerat facere laboriosam sunt atque aut ducimus. "},{"activity":"blanditiis ","city":"South Eusebio ","title":"atque nihil vel ","hotel":"Zemlak - Bartell ","meal":"deserunt quas animi ","description":"Rerum sed harum rerum nisi reprehenderit. "},{"activity":"ratione ","city":"Blancheberg ","title":"dolores tenetur est ","hotel":"O'Conner, Marvin and Bayer ","meal":"nihil corrupti ducimus ","description":"Excepturi consequatur possimus impedit repellendus iste quibusdam. "},{"activity":"voluptatem ","city":"Mertzview ","title":"quaerat aut rem ","hotel":"Funk - Mueller ","meal":"quis qui asperiores ","description":"Sunt optio id eos. "},{"activity":"quia ","city":"Port Lowellmouth ","title":"ad rerum ipsum ","hotel":"Collier Inc ","meal":"et quasi totam ","description":"Quo incidunt tenetur qui. "}]	[]	[{"top":596,"left":227},{"top":477,"left":474},{"top":272,"left":21},{"top":144,"left":311},{"top":256,"left":139}]
4	minus minima nobis	Bolivia	4	South Doug,New Cristopherhaven,East Bernadinestad,Lake Charlesside	https://ebtrafalgar.s3-us-west-1.amazonaws.com/Map+pictures/map_pictures/Peru.png	[{"activity":"soluta ","city":"North Jillian ","title":"officia dolor at ","hotel":"Wilderman Group ","meal":"quasi iste enim ","description":"Ducimus ab et ipsum at. "},{"activity":"distinctio ","city":"West Candice ","title":"architecto et ab ","hotel":"Jacobs and Sons ","meal":"velit odit autem ","description":"Deserunt eius itaque quo soluta voluptatem nam. "},{"activity":"atque ","city":"North Soledad ","title":"dicta cupiditate autem ","hotel":"Pollich Group ","meal":"adipisci qui eveniet ","description":"Recusandae omnis necessitatibus voluptas laboriosam. "},{"activity":"iste ","city":"New Romaineberg ","title":"eius repudiandae quia ","hotel":"Cummings, Morissette and Upton ","meal":"minus qui voluptatum ","description":"Voluptatibus earum et. "}]	[{"title":"iure harum ipsa ","price":"$461.15","description":"Asperiores similique deserunt enim. ","day":2},{"title":"itaque tempore officiis ","price":"$426.47","description":"Aliquid et accusantium ex et laboriosam in sed occaecati autem. ","day":2}]	[{"top":501,"left":57},{"top":443,"left":324},{"top":379,"left":4},{"top":514,"left":430}]
5	sit labore recusandae	Guadeloupe	3	Lake Anahistad,Lake Monroeville,South Joanafurt	https://ebtrafalgar.s3-us-west-1.amazonaws.com/Map+pictures/map_pictures/Egypt.png	[{"activity":"et ","city":"South Kasandrastad ","title":"cum voluptatem vero ","hotel":"Osinski Group ","meal":"non dolores ullam ","description":"Maiores eos voluptatem velit voluptas sapiente et totam omnis nemo. "},{"activity":"quia ","city":"South Ford ","title":"vel sapiente corrupti ","hotel":"Kling - Padberg ","meal":"nobis voluptatem voluptatibus ","description":"Quae est corrupti quisquam qui labore quis et exercitationem quia. "},{"activity":"voluptatem ","city":"Littlefurt ","title":"vitae quia corporis ","hotel":"Schuster and Sons ","meal":"quae dolorum accusamus ","description":"Repellendus sit totam facere. "}]	[{"title":"quibusdam magni cum ","price":"$621.62","description":"In inventore distinctio molestias architecto quas. ","day":2}]	[{"top":20,"left":464},{"top":139,"left":359},{"top":544,"left":467}]
6	neque quia autem	Macao	5	Lake Estelle,South Gregoria,North Trystanstad,South Rowena,Rathstad	https://ebtrafalgar.s3-us-west-1.amazonaws.com/Map+pictures/map_pictures/Australia.png	[{"activity":"consequatur ","city":"Elyssaview ","title":"earum debitis iusto ","hotel":"Hirthe, Ruecker and Rodriguez ","meal":"ut veniam quibusdam ","description":"At a qui ad tempora. "},{"activity":"laudantium ","city":"Mathiasburgh ","title":"accusantium consequuntur suscipit ","hotel":"Predovic, Bartell and Hettinger ","meal":"veritatis accusamus debitis ","description":"Molestiae commodi illo beatae error voluptas voluptatem. "},{"activity":"accusantium ","city":"Stokesberg ","title":"laboriosam consequatur aut ","hotel":"Bernhard - Leannon ","meal":"omnis rem expedita ","description":"Qui a quod deserunt quia libero. "},{"activity":"consequuntur ","city":"North Mozell ","title":"fuga quia natus ","hotel":"Kreiger Group ","meal":"veritatis consequuntur sit ","description":"Sed facere ea vel exercitationem dignissimos facilis dolorem repellendus. "},{"activity":"perferendis ","city":"Lilianehaven ","title":"natus nisi ab ","hotel":"Runte and Sons ","meal":"sit eligendi reiciendis ","description":"Sed numquam nihil inventore aut. "}]	[{"title":"aut et est ","price":"$325.18","description":"Tempore illo dolorem molestias at et officia. ","day":2},{"title":"possimus qui nisi ","price":"$341.22","description":"Quis unde aut et. ","day":2},{"title":"voluptas porro voluptates ","price":"$314.65","description":"Qui saepe aut suscipit laudantium omnis voluptatem reprehenderit sapiente. ","day":1},{"title":"fugit reprehenderit blanditiis ","price":"$706.11","description":"Quidem aut provident ut consequatur eum velit iste. ","day":2}]	[{"top":60,"left":364},{"top":19,"left":228},{"top":232,"left":404},{"top":454,"left":589},{"top":150,"left":142}]
7	provident sunt vel	Greenland	5	West Carlosmouth,Monahanland,South Gretchen,West Abigailside,West Marques	https://ebtrafalgar.s3-us-west-1.amazonaws.com/Map+pictures/map_pictures/Switzerland.png	[{"activity":"a ","city":"West Herbertborough ","title":"voluptas inventore id ","hotel":"Spinka Group ","meal":"architecto commodi nulla ","description":"Minus dolor eum eaque possimus eius adipisci velit. "},{"activity":"molestiae ","city":"East Tyler ","title":"ullam sed non ","hotel":"Stark, Kuvalis and Mayer ","meal":"et libero aut ","description":"Placeat beatae consequatur aperiam eveniet vel et nostrum. "},{"activity":"quas ","city":"North Laurynburgh ","title":"a soluta ipsa ","hotel":"Christiansen Group ","meal":"sint similique at ","description":"Aut ut reprehenderit dignissimos ea. "},{"activity":"commodi ","city":"Lake Genevieve ","title":"voluptas est ut ","hotel":"Bartoletti LLC ","meal":"laudantium ipsa nostrum ","description":"Omnis non eaque quia voluptas laboriosam tempora placeat dolorem. "},{"activity":"beatae ","city":"Lemkeport ","title":"et quia optio ","hotel":"Ledner - McDermott ","meal":"sit sit aut ","description":"Est explicabo reprehenderit ut iure qui ullam. "}]	[]	[{"top":464,"left":304},{"top":20,"left":77},{"top":156,"left":266},{"top":563,"left":95},{"top":128,"left":256}]
8	iure illum minima	Congo	3	West Jesse,Coleburgh,South Kathryn	https://ebtrafalgar.s3-us-west-1.amazonaws.com/Map+pictures/map_pictures/Mexico.png	[{"activity":"autem ","city":"South Kiana ","title":"dolor saepe molestiae ","hotel":"Bosco Inc ","meal":"quasi quis quia ","description":"Ratione ullam impedit. "},{"activity":"rerum ","city":"North Mozell ","title":"dolorem aut magnam ","hotel":"Pagac - Thompson ","meal":"vel quae adipisci ","description":"Eveniet nemo vel. "},{"activity":"quasi ","city":"New Mikayla ","title":"soluta nemo dolorem ","hotel":"Schinner - Shanahan ","meal":"ad quisquam distinctio ","description":"Est et adipisci quia harum iste et voluptatum. "}]	[{"title":"qui provident quis ","price":"$118.69","description":"Ut eius et cum pariatur debitis. ","day":2},{"title":"maiores totam eius ","price":"$608.84","description":"Nostrum voluptatibus et ut voluptate. ","day":3},{"title":"voluptatem adipisci voluptas ","price":"$496.01","description":"Laboriosam accusamus unde excepturi amet autem. ","day":1}]	[{"top":21,"left":330},{"top":501,"left":258},{"top":598,"left":270}]
9	et aut quam	Papua New Guinea	3	Littleshire,New Lauriemouth,Tremblayton	https://ebtrafalgar.s3-us-west-1.amazonaws.com/Map+pictures/map_pictures/Greece.png	[{"activity":"sed ","city":"South Hadleystad ","title":"occaecati omnis ratione ","hotel":"Daugherty Inc ","meal":"harum dolorum aspernatur ","description":"Aliquid accusantium quia eos. "},{"activity":"magnam ","city":"Corwinshire ","title":"veniam alias consectetur ","hotel":"Fadel, Hilll and Huels ","meal":"et et fugit ","description":"Sunt asperiores sed sed soluta ex ratione. "},{"activity":"nesciunt ","city":"Wildermanshire ","title":"et voluptate maiores ","hotel":"Mills Inc ","meal":"harum repellat quidem ","description":"Velit omnis omnis consectetur molestias magni. "}]	[{"title":"consequatur animi consequuntur ","price":"$503.24","description":"A nostrum voluptatum sunt velit voluptatem porro et. ","day":3}]	[{"top":338,"left":498},{"top":451,"left":416},{"top":478,"left":584}]
10	quasi repellendus quia	Tuvalu	6	Port Erich,Leannontown,East Timothy,Kshlerinside,East Michealberg,Oswaldside	https://ebtrafalgar.s3-us-west-1.amazonaws.com/Map+pictures/map_pictures/South_Korea.png	[{"activity":"officiis ","city":"East Virgie ","title":"sequi nihil perferendis ","hotel":"Effertz - Renner ","meal":"iure natus deleniti ","description":"Culpa sunt asperiores sed sit. "},{"activity":"dolor ","city":"New Wellington ","title":"in qui quasi ","hotel":"Grimes, Ullrich and Smitham ","meal":"facilis aliquid eveniet ","description":"Officiis in porro non et consequatur. "},{"activity":"quia ","city":"West Ethylshire ","title":"dolor autem esse ","hotel":"Schaefer and Sons ","meal":"magni ducimus voluptas ","description":"Earum voluptatem aspernatur aliquam ut enim aliquam repellendus eligendi quo. "},{"activity":"ipsam ","city":"West Leonardofort ","title":"aut fugiat ipsam ","hotel":"Steuber, Altenwerth and Padberg ","meal":"ut et ut ","description":"Eum id exercitationem vitae eligendi et molestias aut consectetur. "},{"activity":"qui ","city":"Melodymouth ","title":"nostrum quisquam similique ","hotel":"Botsford, Schamberger and Frami ","meal":"in tempora est ","description":"Deleniti sed officiis sed voluptas et. "},{"activity":"dolore ","city":"North Gageview ","title":"autem at et ","hotel":"Schroeder, O'Reilly and Spinka ","meal":"dolorem est odit ","description":"Nemo eaque et nihil nemo est est et ea placeat. "}]	[{"title":"libero eos corporis ","price":"$307.46","description":"Fugiat et delectus repellat sit soluta perspiciatis et. ","day":1}]	[{"top":410,"left":54},{"top":187,"left":159},{"top":10,"left":236},{"top":573,"left":234},{"top":272,"left":367},{"top":76,"left":579}]]